PRODUCTO;CANTIDAD; PRECIO VENTA 
Aceite oliosoya X 500;91;3100
Aceite oliosoya X 1000;43;6000
Aceite oliosoya X 2000;14;12300
Aceite oliosoya X 3000;11;17500
Aceite oliosoya X 5000;7;28000
Aceite Soy Sabor x 500;24;2800
Aceite Soy Sabor x 1000;39;4500
Aceite Soy Sabor x 2000;10;10600
Aceite Soy Sabor x 3000;10;15500
Aceite Vivi x 500;47;3000
Aceite Vivi x 1000;44;5400
Aceite Vivi x 2000;11;10500
Aceite Vivi x 3000;8;15500
Aceite Vivi x 5000;8;27000
Aceite Gourmet x 2000;7;21000
Aceite Gourmet x 3000;11;35000
Aceite Canola Ligth x 1000;5;16500
Aceite Canola Ligth x 2000;12;30000
Mantequilla Campi x125;14;2100
Mantequilla Campi x 250;18;4200
Mantequilla Campi x 500;14;7300
Mantequilla Campi x 1000;8;10500
Mantequilla Rama x 1000 ;6;12500
Mantequilla Rama x 500 ;12;6300
Mantequilla Rama x 250 ;18;5500
Mantequilla Rama x 125 ;10;1800
Mantequilla Practis x 200;2;2750
Mantequilla Practis x 400;13;5200
Mantequilla Canola life x 227;7;4400
Mantequilla Canola life x 454;6;8200
Mantequilla Canola life x 907;6;12500
Mantequilla La Buena x 250;64;3300
Mantequilla La Buena x 125;66;1700
Mntequilla La Fina x 250;24;3200
Mntequilla La Fina x 125;47;1800
Mntequilla La Fina x 500;26;6100
Mantequilla la Preferida x250;44;2000
Vinagreta Bary x 335;6;4000
Vinagreta Bary x 200;2;2000
Salsa BBQ Bary x200;5;2500
Salsa Chimichurri  Bary x 200;6;2300
Pasta de Ajo el Rey x 250;2;4600
Pasta de Ajo el Rey x 130;2;3200
Pasta de Cebolla el Rey x 240;2;5000
Salsa Ají la Consantacia x 100 ;11;2300
Salsa Ají la Consantacia x 165;10;3400
Salsa de Ajo el Fortín x 165;11;2600
Salsa para Carnes el Frotín x165;4;2500
Salsa de Humo el Frotín x 165;10;2000
Salsa Inglesa  el Frotín x 165;6;2700
Salsa de Soya el Frotín x 165;5;2400
Salsa China  el Frotín x 165;5;2400
Salsa China Fruco x 150 ;2;4000
Salsa Negra Fruco x 150 ;3;3950
Salsa para Carnes Fruco x 150 ;6;3950
Salsa Inglesa Fruco x 150 ;3;4000
Salsa Soya  Fruco x 150 ;2;3950
Salsa de Tomate Fruco frasco x 250;10;3200
Salsa de Tomate Fruco frasco x 400;3;4800
Salsa de Tomate Fruco frasco x 650;3;6800
Salsa de Tomate Fruco Doy Pack x 1000;3;9500
Salsa de Tomate Fruco Doy Pack x 400;6;5200
Salsa de Tomate Fruco Doy Pack x 200;15;3000
Salsa de Tomate Fruco Doy Pack x 90;26;1100
Mayonesa Fruco Doy Pack x 1000;2;11500
Mayonesa Fruco Doy Pack x 400;3;6500
Mayonesa Fruco Doy Pack x 200;14;3500
Mayonesa Fruco Doy Pack x 90;26;1100
Salsa Rosada Fruco x 180;8;4700
Salsa Rosada Fruco x 400;10;9000
Salsa Rosada Fruco x 90;27;1100
Pasta de tomate Fruco x 200 ;6;4300
Mostaza Fruco x 200 ;5;3900
Mayodulce Fruco x 200;1;5000
Salsa Tártara Fruco x 200 ;1;5000
Salsa Rosada la Consatancia x 1000;3;11600
Salsa Rosada la Consatancia x 200;14;3500
Salsa de Tomate la Constancia x 1000;2;7600
Salsa de Tomate la Constancia x 500;9;5400
Salsa de Tomate la Constancia x 200;21;1700
Mayonesa La Constancia x 480 ;11;6800
Mayonesa La Constancia x 200;11;2000
Salsa de Ciruela la Constancia x 200;6;3200
Salsa de Piña la Constancia x 200;3;3200
Salsa Mostaneza la Constancia x 200;12;4500
Salsa Mostaza la Constancia x 200;10;3000
Salsa BBQ la Constancia x200;10;3200
Salsa Finas Hinerbas Doria x 200;6;3500
Sardina la Española ;27;3800
Sardina Wikingos ;24;3500
Sardina Van Camps en Agua ;62;4300
Sardina Van Camps en Aceite ;16;5200
Champiñones ;5;6600
Atun Van Camps x3 ;22;11000
Atun Isabel x 3;23;10500
Lentejas enlatadas x 300;10;3600
Ensalada Rusa Zenú;5;8000
Ensalada vegetales Zenú;13;3600
Frijol enlatado Zenú;6;3800
Chile con Carne Zenú;3;7000
Frijoles Antioqueños Zenú x 380;8;4300
Frijoles Antioqueños Zenú x 580;7;5900
Maiz tierno Zenú x 248;8;3300
Maiz tierno Zenú x 432;10;5000
Ensalada Zenú x 580;4;4800
Ensalada Zenú x 380;10;2900
Arveja Zenú x 580;3;4400
Arveja Zenú x 380;6;2600
Arveja con zanahoria Zenú x 580 ;10;3700
Arveja con zanahoria Zenú x 300;10;2300
Salsa Pompeya ;6;3200
Oferta Salsas Bary;5;4300
Salsa de tomate Bary x 400;35;2700
Salsa de tomate Bary x 200;21;1300
Mayonesa Bary x 200;14;1700
Mayonesa Bary x 400;19;3500
Sardina Aburra x 425;40;4900
Sardina Soberana x 425;34;5000
Sardina Soberana x 106;17;2400
Sardina Aburrá x 155;14;2300
Sardina Buen Gusto x 155;50;2900
Sardina Pascual x 155;10;1800
Sardina Van Camps x 155 ;11;3000
Sardina Soberana ;52;2550
Sardina Buen Gusto Aceite x 125;22;3000
Sardina Buen Gusto Tomate x 125;17;3200
Sardina Van Camps Aceite x 425;19;7700
Sardina Van Camps Tomate x 425;22;6200
Sardina Lobo de Mar x 425;38;3600
Sardina Wikingos ;6;5000
Atún Aburrá en aceite x 120;142;4000
Atún Fortín ;24;4500
Arveja con zanahoria Fortín x 330;4;2500
Maiz Tierno el Fortín x 432;13;3700
Maiz Tierno el Fortín x 248;15;3000
Vinagre de Frutas x 3000;5;6000
Vinagre Blanco Bary x 3000;4;3200
Vinagre Blanco Bary x 1000;19;1200
Vinagre de Manzana x 500;10;5500
Aceitunas el Fortín x 125;4;4300
Aceitunas el Fortín x 250;2;4900
Alcaparras x 125;5;3500
Champiñones enteros x 200;10;5400
Champiñones enteros x 225;4;8300
Piña en trozos x 790;11;9500
Piña en trozos x 250;10;3700
Brevas x 560;5;7200
Duraznos El Fortiín x 480;18;5200
Chocolate Luker x 125;53;2900
Chocolate Luker x 250;28;5700
Chocolate Tesalia x 125;82;2900
Chocolate Tesalia x 250;35;5700
Chocolate Cruz x 250;8;6000
Cholotate Corona x 500;10;5700
Chocolate Corona x 250;9;2900
Colotate Chocoline x 200;58;4850
Colotate Chocoline x 120;38;3500
Chocolate Clasico x 156;26;3700
Chocolate Luker Light x 25 ;19;3600
Choco Express x 200;48;5000
Choco Express x 125;48;3400
Chocolate Luker Fácil x 250;16;3700
Chocolate Luker Light x 200;10;5000
Chocolate Luker Premium x 100;16;2400
Chocolate Luker Premium x 230;19;4550
Chocolatada tradicional x 400;13;5950
Chocolate Corona x 100;109;2500
Chocolate Corona x 175;30;4000
Chocolate Corona x 230;55;4700
Chocolisto x 200;29;3550
Chocolisto x 300;19;5700
Chocolisto x 1000;14;15500
Nucita x 1000;14;12700
Nucita x 220;14;2800
Nesquik x 400;7;4000
Linaza Molida ;14;4000
Linaza en grano ;10;4500
Salvado de trigo Natural;6;2500
Salvado de trigo melaza ;10;3700
Salvado de trigo x 300;5;6200
Colcafé Cream x 380 ;8;8800
Colcafé Capuchino ;7;10400
Insta cream x 450;13;12800
Insta cream x 280;11;8300
Insta cream x 175;9;5800
Insta cream x 430;5;11900
Nescafé x 170;10;12900
Nescafé x 85;19;7700
Nescafé x 50;22;4700
Café Buen día x 50;34;6300
Café Buen día x 85;5;7700
Café Buen día x 170;6;14600
Café Buen día x 340;4;27600
Café Buen día Descafeinado x 170;10;17000
Café Buen día Descafeinado x 85;8;12500
Nescafé Dolca x 85;11;6700
Nescafé Dolca x 170;3;11400
Café Bastiyá x 170;9;12800
Café Bastiyá x 85;6;6450
Café Bastiyá x 50;10;4200
Colcafé Granulado x 170;8;11900
Colcafé Granulado x 85;10;6450
Colcafé Granulado x 50;11;4200
Colcafé Clásico x 170;10;15800
Colcafé Clásico x 85;12;6450
Colcafé Clásico x 50;10;4000
Colcafé Sabores x 50 ;5;4300
Café Sello Rojo x 250;11;3900
Café Sello Rojo x 575;15;8650
Café Sello Rojo x 287;13;4600
Café Sello Rojo descafeinado ;2;5900
Café Sello Rojo Sabores x 120;2;2700
Café Sello Rojo Sabores x 147;14;2400
Colcafé granulado x 36 ;10;2800
Café Aguila Roja x 500;18;7750
Café Aguila Roja x 250;17;4150
Café Aguila Roja x 125;45;2150
Café Bastiyá x 500;4;8000
Café Bastiyá x 250;3;4300
Café Bastiyá x 125;47;2200
Café Bastiyá x 50;51;900
Miel x 500;2;4000
Soda ;36;500
Maní ;29;2500
Coco;20;3000
Ajonjolí;1;3000
Ciruelas ;2;5500
Pasas ;14;1000
Graola Ligth Trigal x 400;14;7300
Graola Ligth Trigal x 200;29;3900
Anillos Frutales x 200;10;2800
Hojuleas x 200;14;2800
Zucaritas x 250 ;29;3200
Granola x 1000;8;11700
Compota Heinz x 113 ;51;1200
Mermelada la constancia x 200;4;3000
Esencia Levapan x 60;6;2400
Esencia El Fortín x 60;32;2300
Dulce quemado x 280;4;5200
Escencia el Fortín x 165;8;2000
Leche de Almendras x 945;9;8000
Emulsión de Scott x 360;12;14600
Emulsión de Scott x 160;9;9200
Milo x 1500;6;41000
Milo x 500;8;15000
Milo x 200 Nutrifit;10;7500
Milo x 500 Nutrifit;6;16700
Milo x 200;7;7800
Milo x 400;6;15000
Nestogeno x 400;3;24000
Leche Benet x 400 ;2;29000
Leche Hi-Calcium x 672;3;21800
Leche Colanta Sligh x 400;14;8000
Leche Colanta deslactosada x 400;27;9000
Leche Colanta x 200;42;4300
Leche Colanta x 400;126;7500
Leche Colanta x 1000;39;11700
Leche Nestogeno x 135;14;5800
Tarrito Rojo x 415;9;12500
Tarrito Rojo x 330;3;11700
Tarrito Rojo x 135;14;5000
Tarrito Rojo x 30;23;1000
Cereal Fitnes x 260 ;8;9700
Granola Tosh x 300;12;7750
Cereal Fitnes Integral x 300;5;12400
Nestum x 200 ;6;7300
Choco Krispies x 295;10;9600
Zucaritas x 300;10;8000
Froot Lops x 210;10;7000
Kellogs x 30;46;900
Leche el Rodeo x 900;12;18500
Leche el Rodeo sabor x 180;7;5000
Leche el Rodeo x 475;34;8700
Leche Montefrio x 380;64;6500
Leche Proleche entera x 420 ;19;6900
Leche Proleche descremada x 380;11;8800
Leche Proleche deslactosada x 380;12;8000
Leche San Gabriel x 380;16;3400
Leche Alqueria x 330;17;7900
Leche Alqueria x 730;5;17900
Leche Klim x 360;36;9300
Leche Klim Deslactosada x 360;12;11200
Leche Klim 1+ x 360;10;13900
Leche de Soya x 250;10;6000
Leche de Soya con colágeno x 200;2;11200
Proteína Toning x 250;6;7600
Kelloys x 130;24;6000
Kelloys x 105;24;3000
Maggi x 8;50;2400
Maggi x 12;34;3600
Maggi x 60;9;16500
Ricostilla x 8 ;57;2500
Ricostilla x 12;30;3700
Ricostilla x 48;6;12500
Maggui Oferta desmenuzado x 126;6;3700
Maggui Doble Gusto x 12 ;11;3800
Maggui Doble Gusto x 8;8;2600
Doña Gallina x 12 ;22;3500
Doña Gallina x 8;14;2300
Knork desmenuzado ;2;3200
Knork x 8;10;2300
Knork x 12;6;3400
Gelatina Gelhadax 40;55;1100
Gelatina Frutiño x 40;8;1100
Gelatina Frutiño x 3;6;3000
Gelatina Royal x 40;77;1100
Gelagurth x 40;38;1350
Gelatina Fruyi x 3 ;19;2400
Gelatina Frutiño sin sabor ;60;1000
Gelatina Light;51;1650
Color x 20;32;450
Color x 70;26;1300
Triguizar x 20 ;29;500
Triguizar x 70;45;1600
Sazonatodo x 200;10;3900
Ligth yá x 10;26;1000
Cligth x 10;77;1100
Nestea x 14;58;800
Suntea x 1.5;38;1000
Suntea x 4.5;17;6300
Tang x 2;14;800
Tropicalyá x 6;7;8200
Tropicalyá x 3;8;3200
Boka ;38;600
Tang x 1;7;5200
Frutiño x 18;134;700
Frutiño x 66;94;1650
Frutiño x 100;214;3200
Frutiño cremoso x 30;58;1000
Pulpifruta x 160;22;2000
Panela Pulverizada x 600;83;3000
Azúcar Morena Ligth x 500;5;4000
Azúcar Morena Ligth x 1000;5;6800
Azúcar Incauca Ligth x 500;2;4200
Azúcar Incauca Ligth x 1000;2;6800
Azúcar Morena Manuelita x 2.5;14;7000
Azúcar Riopaila x 500;62;1500
Azúcar Riopaila x 1000;42;2800
Azúcar Manuelita Blanca x 2.5 ;8;6500
Azúcar Providencia x 500;32;1500
Azúcar Providencia x 1000;15;2800
Azúcar Providencia x 2.5;2;6500
Azúcar en Cubo x 1.8 ;13;6800
Azúcar x 500;47;1200
Azúcar x 100;89;2400
Don Gustico x 18;24;450
Trifogón x 20;16;400
Aromatica x 18;34;3200
Aromatica de Frutasx 156;27;5300
Té Original x 40 ;9;4300
Té Original x 19;6;2400
Te Verde x 26;16;7000
Te Sabores x 26;14;5000
Aromatica de Panela x 48;58;4400
Aromatica de Sabores x 25;28;3800
Crema de Leche x 1 ;18;9000
Crema de Leche Parmalat x 200 ;29;2300
Crema de Leche Nestle x 90;19;1800
Crema de Leche Nestle x 186;22;4500
Crema de Leche Nestle x 295;18;5500
Lechera Nestlé x 395;16;6800
Lechera Nestlé x 100;22;1500
Lechera Nestlé x 300;16;5600
Leche Condensada Colombina  x 100;10;1500
Leche Condensada Colombina  x 300;5;5000
Leche Condensada Colombina  x 400;7;5800
Leche Condensada Vaquita   x 390;9;2800
Leche Condensada Vaquita   x 1000;5;6000
Batilado x 82;19;2600
Batricrema x 50;14;1900
Crema Chantilly Royal x 100;12;2900
Crema Chantilly Corona x 80;6;2900
Polvo Royal x20;48;1200
Polvo Royal x 100;1;4700
Maizena Pancakes x 120;1;1700
Pancakes x 30;1;4000
Doña Torta x 500;7;5900
Miel para Pancakes x 340;1;10700
Carve caja x 165;3;2400
Carve x 200;2;2600
Carve x 330;2;4000
Carve x 200;6;1400
Concentrados el Fortin x 500;14;2100
Pasta lazaña x500;2;7600
Pasta lazaña x 200;4;3800
Canelones x 250;2;4800
Ricmpleto x 65;8;2000
Sopera x 44;96;1100
Sopera x 85;25;1900
Ajinomen x 80;7;1200
Salsas Maggi x 250;37;2500
Sopas Maggi x x 70;70;3200
Bases Maggi x 50 ;29;2600
Avena Don Pancho x 250;8;2200
Avena La Abuela x 180;10;4300
Avena Quaker  Molida x 350;3;4950
Avena Quaker Hojuelas x 350;9;4950
Avena Quaker Hojuelas x 220;18;1650
Frescavena x 180;2;3200
Avena en hojuelas la abuela x 180;12;1500
Avena Imperial x 200;21;800
Avena Toning Hojuelas x1000;7;6000
Avena Toning Hojuelas x200;11;1300
Avena Toning Molina ;13;1300
Avena la Abuela x 500;10;2600
Avena la Abuela Sabor ;16;1200
Avena Toning Molina x 200;17;1300
Avena Toning Molina x 180;3;2800
Colada Toning  x 200;14;2200
Colada Toning  x 90;22;900
Fécula Platano x 100;29;950
Fécula Platano x 200;10;1700
Almidón de Yuca x 500;2;2500
Maizena a Granel x 500;8;1500
Claro Compadre x 300;14;750
Azúcar pulverizada x 500;8;1500
Natilla Maizena x 300;5;5500
Natilla La Abuela x 300;5;4500
Buñuelo La Abuela x 300;5;4500
Buñuelo Colmaiz x 1000;11;3800
Buñuelo La Comarca x 1000;8;3500
Natilla La Comarca x 1000;13;4200
Buñuelo La Comarca x 1000;12;3500
Buñuelo Mao x 1000;9;3500
Empanada Mao x 100;12;3000
Natilla Comarca ;14;4200
Natilla Mao x 100;21;4200
Colada Maizena x 30;60;950
Maizena caja x 90;6;1700
Maizena caja x 380;2;7200
Yucarina x 300;2;8000
Promasa x 500 ;59;1650
Promasa x 1000;7;3100
Harina pan amarilla x 1000;6;3100
Harina pan amarilla x 500;9;1600
Harina pan blanca x 1000;14;3100
Harina pan blanca x 500;7;1600
Harina pan dulce x 500;16;2750
Harina Haz de oro + polvo x 500;26;2000
Harina Haz de oro tradicional ;17;1600
Harina de trigo Aguileña x454;14;1100
Harina de trigo corona x 500;20;1400
Harina de trigo la nieve x 500;34;1000
Pastas la Muñeca Spaggetti x 500;4;2400
Pastas la Muñeca Spaggetti x 250;33;1550
Pastas la Muñecax 250 ;48;1550
Pastas Doria ;158;1550
Spaggetti Doria x 250;61;1550
Fideos Doria ;85;1950
Fideos Integral ;5;3200
Macarrón x 210 ;6;2700
Pastas comarico x 250;200;1000
Coctel de Wisky ;2;31000
Vino generoso ;1;22000
Vino Gran Sidon ;3;19000
Vino Abocado ;2;20000
Vino Moscatel ;3;13000
Vino Manzana ;10;12000
Vino de cocina Gourmet ;2;7500
Vino de cocina Gourmet Blanco ;5;7000
Vino de Uva ;16;4500
Vino Blanco de misa ;2;18000
Vino Cherrynol;2;15000
Vino Dubonet ;2;50000
Brandy Noble ;1;31000
Vino Blanco Monasterio ;10;2800
Vino Blanco Libertador ;6;4500
Cerezas en Almibar ;2;3500
Cerezas en Almibar ;3;4200
Cerezas en Almibar ;4;6400
Cerezas en Almibar ;2;5700
Aperitivo sansón ;5;15500
Aperitivo Quindiano ;2;11500
Champaña Cuplé ;30;10000
Champaña Candiota ;22;8500
Bocadillo x280;94;1300
Bocadillo x 300;4;1800
Bocadillo x 500;5;4000
Bocadillo x 450;14;3600
Bocadillo x 490;10;3900
Bocadillo x 420;12;3200
Bocadillo x 430;19;3100
Bocadillo x 440;14;3300
Panelitas Normandy ;10;3600
Cocadas ;8;5500
Galletas oreo x 12;10;6500
Galletas Festival x 12;10;4700
Galletas Festival Crema ;19;5400
Galletas Festival x 18;16;6600
Galletas Waffer Noel x432;7;4300
Galletas Sultanas x 440;4;5800
Galletas Sultanas x 220;14;3500
Galletas Ducales tentación x 156;10;2850
Galletas Ducales tentación x 208;4;3900
Galletas Dux Integral x 250;10;2900
Galletas Dux Original x 250;13;3300
Galletas variedad x 220;10;2900
Galleta colación x 150;19;2900
Galletas Tosh ;29;4700
Barquillos Piaza x 24;6;4800
Gomitas Italo ;3;4200
Gomitas Frutos Rojos ;10;700
Galletas Waffer sin azúcar ;7;2500
Galletas Waffer x 80;18;1200
Galletas Waffer x117;16;1700
Almendra Francesa x 135;5;4600
Almendra Francesa x 60;6;2000
Almendra Francesa x 50;10;2300
Galletas Rellenas x 6 ;6;4400
Galletas Saltin semillas Cereales ;5;4900
Galletas Saltin Maiz ;5;4500
Galleas Saltin Noel Sodas ;5;3600
Galleas Tosh x2;5;4600
Galletas Muu leche ;11;1800
Galletas Rondalla ;14;2400
Galletas Capri ;36;2600
Galletas Muu Sandwich ;19;3700
Galletas Brinki;14;4000
Galletas Crakeñas ;22;3000
Galletas Crakeñas Doraritas ;28;3500
Galletas Saltín x 4 ;10;4000
Galletas Saltín x 3;32;3550
Galletas Saltín x 6;48;4900
Galletas Saltín queso y mantequilla ;16;4500
Galletas Saltín Integral ;24;4800
Galletas Ducales x 3 ;28;5300
Galletas Ducales x 2;19;4300
Galletas Salricas x 6 ;12;4400
Galletas Doricas x 5 ;17;5200
Galletas Saltinas x 5 ;4;4300
Galletas Bridge Grande ;10;2200
Galletas Bridge pequeño ;6;1200
Galletas Fitness;5;4900
Galletas Club Social ;14;3900
Gomas x 450;4;4000
Gomas x 90;64;1100
Gomas x 478;16;4000
Bombombum x 24;36;4500
Yoguetas x 24;6;4000
Pirulitos x 24 ;24;2400
Mentas paquete x 100;14;4500
Mentas chao;9;4200
Mordisquetas x 24 ;16;5000
Barriletes x 50;6;4500
Bombon Super coco ;14;5400
Confites x 100;22;3500
Protectores Carefree x 15 ;10;1800
Protectores Carefree x 60;5;8000
Protectores Carefree x 150;4;14000
Protectores Kotex x 150;9;10000
Protectores Nosotras x 150;2;13000
Protectores Nosotras x 120;6;9000
Protectores Nosotras Respirables x 150;3;16300
Protectores Nosotras Multiestilox 150;2;16500
Protectores Nosotras Multiestilox 60;3;8800
Protectores Nosotras Tanga x 120;1;12000
Protectores Nosotras Tanga x 60;2;7500
Protectores Nosotras Tanga x 15;2;2800
Protectores Nosotras Largos x60;8;8200
Protectores Nosotras Largos x 10;16;1800
Protectores Nosotras Multiestilo x 15;14;2500
Protectores Nosotras Dobles x 50 ;5;4500
Toallas Nosotras Tanga x 10;5;5000
Toallas Dobles Invisible ;5;4900
Toallas Dobles Invisible Rapigel ;48;4000
Toallas Dobles Ultra Invisible Rapigel ;10;3200
Toallas Nosotas Invisible Clasica x 10;10;4000
Toallas Nosotas Plus Canal Gel ;12;4000
Toallas Nosotas Normal sin alas ;12;3000
Toallas Nosotas Extraprotección ;6;3200
Toallas Nosotas Buenas Noches ;5;10000
Toallas Stayfree ;12;3000
Toallas Stayfree Adapt ;16;3600
Toallas Stayfree canales ;8;4600
Toallas Stayfree Ultradelgadas ;10;3600
Toallas Divas;17;2800
Toallas Kotex;26;4400
Toallas Kotex Normal;27;3500
Toallas Kotex Alas;10;3500
Toallas Kotex Nocturas ;7;3600
Toallas Kotex Sport ;2;3800
Protectores Ellas ;6;3500
Toallas LadySoft ;2;2200
Protectores LadySoft ;2;1800
Toallas Nosotras Tanga x 10;2;9800
Toallas Nosotras Invisible clásica ;2;9700
Toallas Nosotras Maternas ;2;13000
Toallas Tena mujer Medium ;5;8300
Pañitos Pequeñín x 160;2;8300
Pañitos Pequeñín Acolchamas grande;2;15000
Pañitos Pequeñín Acolchamas Mediano ;3;11400
Pañitos Pequeñín Acolchamas pequeño;2;6200
Pañitos Pequeñín Con Aloe ;3;7000
Pañitos Pequeñín Con Aloe x 100;7;9000
Pañitos Pequeñín Con Aloe pequeño ;6;2800
Pañitos Pequeñín Karité x 110;9;7000
Pañitos Pequeñín Karité x 50;10;4000
Pañitos Pequeñín Karité x 24;34;2500
Pañitos Pequeñín Ristra ;20;200
Toallas Antibacterial ;8;2200
Toallas Antibacterial x 40;7;6500
Toallas Antibacterial Multiusos ;5;5400
Pomuys desmaquilladores ;14;6800
Toallas íntimas ;8;5000
Pañitos Bambino ;16;7600
Pañitos Huggies ;9;16000
Pañitos Winny ;12;2400
Pañitos Winny x 100;9;9500
Pañal pequeñin x 5 etapa 0;9;12100
Pañal pequeñin x 5 etapa 1;12;10000
Pañal pequeñin x 30 etapa 5;8;15800
Pañal pequeñin x 10 etapa 4;9;9500
Pañal pequeñin x 10 etapa 3;10;7500
Pañal pequeñin x 10 etapa 2;10;5900
Pañal pequeñin x 10 etapa 1;11;5000
Pañal pequeñin x 30 etapa 1;12;13500
Pañal pequeñin x 30 etapa 2;11;15500
Pañal pequeñin x 30 etapa 3;19;18500
Pañal pequeñin x 30 etapa 4;18;23000
Pañal Winny x 30 etapa 1;12;13000
Pañal Winny x 30 etapa 2;10;16000
Pañal Winny x 50 etapa 3;6;32000
Pañal Winny x 30 etapa 3;7;19000
Pañal Winny x 30 etapa 4;8;22500
Pañal Winny x 30 etapa 5;8;26000
Pañal Huggies etapa 1 ;11;17500
Pañal Huggies etapa 4;7;21000
Pañal Huggies etapa 3;9;17500
Pañal Huggies x 38 etapa 2;9;18000
Pañal Huggies x 30 etapa 2;8;14500
Pañal Huggies x 36 etapa 5;8;14000
Pañal Huggies x 30 etapa 5;10;11000
Pañal Baby Sec Talla S;11;11500
Pañal Baby Sec Talla G;10;17500
Pañal Baby Sec Talla M;7;14000
Pañal Tena Basic Talla M;10;16900
Pañal Tena Basic x30 Talla L;6;18700
Pañal Tena Basic x 21 Talla L;2;41500
Pañal Tena Basic x 1 Talla L;5;2200
Pañal Tena Basic x 1 Talla M;4;2000
Champú Nutrit x 750 ;13;19000
Champú Pantene x 400;11;15000
Champú Embrion de pato x 300;5;10000
Champú H&S x 400;42;15000
Champú H&S x 200;24;9500
Champú Bioexpert ;10;13000
Champú Tresemé x 400;10;14000
Champú Clear x 400;8;15000
Champú Clear x 200;7;11000
Champú Syoss;9;20000
Champú Tio Nacho x 415;10;20000
Champú Sedal x 340;18;11800
Champú Sedal x 650;6;14300
Champú Dove x 400;20;16000
Champú Equino;3;9600
Cremade peinar Sedal ;17;10500
Champú Konzil x 375;13;11000
Crema de peinar Konzil ;11;8200
Champú Savital x 350;14;9000
Champú Savital x 530;33;11500
Crema de Peinar Nutribela x 300;8;12700
Champú Savital x 100;29;2800
Crema de Peinar Savital x 100;14;2800
Acondicionador Savital x 100;13;2800
Champú Savital x 25 ;11;10000
Champú Johnson x 400;8;16000
Champú Johnson x 750;6;17000
Champú Johnson x 200;6;14000
Colgate x 60;62;2000
Colgate x 22;78;1000
Colgate x 150;10;8200
Colgate x 70;16;10000
Colgate + cepillo ;8;2300
Fluo Cardent niños ;8;5000
Fluo Cardent + cepillo ;13;1900
Fluo Cardent  Blanqueadora ;10;6500
Fortident x 60;48;2000
Oferta Listerine ;13;22000
Listerine x 360;9;17000
Listerine x 180;9;9000
Alcohol x 700;30;3200
Alcohol x 350;43;1900
Menticol x 75 ;4;7500
Betún liquido Bowy x 60 ;10;4000
Betún liquido Cherry x 60 ;11;7000
Betún Cherry x 15;19;1000
Betún Cherry x 37;22;4300
Betún Cherry x 81;6;7500
Betún Bowy x 15;18;950
Betún Bowy x 32;23;2100
Betún Bowy x 230 Profesional ;33;5200
Aceite J&J x 100;9;3200
Aceite J&J x 50;9;7500
Talco Mexana Spray ;12;13000
Talco J&J x 200;2;16000
Oferta Mexana x 300 ;5;23000
Talco Mexana x 85 Hombre ;7;6000
Talco Mexana x 85 Mujer ;6;8000
Talco Seco oferta x 90 ;5;11500
Talco Seco oferta x 300;3;14800
Talco Seco x 90 ;6;5300
Talco Efficient x 60;8;4300
Talco Efficient x 100;5;7000
Talco Efficient ofertax 200;5;14000
Alucema ;4;2500
Rexona Clinical x 48 ;26;18000
Rexona Rollon x 48 ;16;11000
Rexona x 30 ;43;2500
Dove Rollon x 50 ;10;12000
Dove Barra ;11;15000
Dove Aerosol ;12;16500
Rexona barra x 50 ;13;14000
Axe barra x 50;9;13500
Axe Aerosol ;10;13000
Jabón Protex ;128;1900
Jabón J&J adulto ;40;2300
Jabón J&J Bebé;59;2600
Jabón Dove ;47;2800
Jabón Dorado;43;1850
Jabón Lux ;65;1700
Jabón Asepxia ;12;7000
Jabón Rexona ;73;1800
Jabón Palmolive ;38;1700
Jabón Heno de Pravia ;26;2000
Jabón Savital ;26;1800
Jabón Lemon ;26;1400
Jabón Deseo x3;19;3500
Jabón Lemon x3;6;4500
Jabón Piropo;20;1500
Jabón liquido ;10;6000
Algodón x 25;19;1000
Algodón x 75;12;1700
Algodón x 125;8;3800
Tampones OB;16;8000
Tampones Kotex ;14;6500
Tampones Nosotras ;13;7500
Soflan x 5 L;4;22000
Soflan x 3 L;6;12000
Soflan x 1 L;16;4600
Soflan x 210 ml;43;900
Soflan x 40 ml;38;250
Aromatel x 50 ml ;16;300
Aromatel x 115 ml ;61;500
Aromatel x 150 ml ;30;800
Aromatel x 205 ml ;43;1000
Aromatel x 425 ml ;42;2300
Aromatel x 900 ml ;26;4600
Aromatel x 2500 ml ;8;10900
Suavizante la Joya x 3000;6;15600
Suavizante la Joya x 1000;6;4900
Suavizante la Joya x 500;7;2600
Limpiador la Joya x 1000;5;3700
Vel Rosita Liquido x 1000;2;13000
Vel Rosita Liquido x 200;2;22000
Sapolio x 360;6;9000
Rayol grande ;7;12000
Rayol pequeño ;5;11000
Matón ;12;8000
Cresopinol x 860;3;5500
Cresopinol x 3L;1;16500
Furor x 150;14;900
Maxo x 1000;12;4000
Maxo x 500;6;2600
Fabuloso x 200 ml;67;1100
Fabuloso x 500 ml;22;2900
Fabuloso x 1L;22;6000
Fabuloso x 2L;7;8000
Blancox x 180ml;35;6000
Vanisk x 30 ml;22;1100
Vanisk x 3785 ml;6;24000
Vanisk x 450 ml;23;3300
Pinolina x 2L;8;7400
Pinolina x 1L;14;4500
Sampic x 2L;10;8600
Sampic x 1L;19;4500
Ambientador Familia x 300ml;2;11200
Ambientador Familia x 386ml;3;9200
Papel Aluminio 8mtrs;30;2950
Papel Cristaflex 20mtrs;14;1800
Papel Cristaflex Negro 50mtrs;8;3500
Papel Cristaflex Oferta ;5;5600
Moldes Aluminio ;48;300
Esponjas relicuente x 3 ;8;3000
Esponja arco iris ;9;2800
Esponja rulo ;2;2400
Esponja relucinte ;2;2200
Esponja Dorada/Plateada ;10;3000
Esponja Malla mil usos x 2;10;2000
Esponja Colores ;80;300
Pitillos x 200;26;1200
Mescladores ;4;1300
Copas ;12;1300
vasos 3,5;30;1700
Cucharas ;8;2300
Tenedores ;12;2600
Cuchillos ;16;1200
Bolsa extragrande basura ;19;3600
Bolsa grande ;14;2800
Bolsa mediana ;15;2500
Bolsa pequeña ;10;1500
Esponjilla Furor ;14;2300
Esponjilla Bombril x 12;6;2300
Esponjilla Bombril x 6;31;1300
Esponja de Alambre ;99;200
Jabón Dersa x 250;48;1600
Jabón Dersa x 500;218;2800
Jabón Dersa x 1000;108;5700
Jabón Dersa x 3000;20;16500
Jabón Dersa x 5000;11;26500
Jabón Rindex x 1.5;10;8000
Jabón Rindex x 400;12;4800
Jabón Rindex x 800;5;5000
Jabón Top x 500;20;3500
Jabón Top x 1000;21;7000
Jabón Top basico x 1000;22;3000
Jabón puro x 850;31;4500
Jabón Top terra x 2000;3;15000
Jabón Top terra x 1000;2;10400
Jabón Lavo Matic x 850;14;7900
Jabón Lavo Matic x 450;43;4000
Jabón Lavo Matic x 2000;8;18000
Jabón Fab x 2000;8;13000
Jabón Fab x 850;41;6500
Jabón Fab x 450;61;3500
Jabón Fab x 225;61;2000
Jabón Fab x 115;104;1100
Jabón Ariel x 1.5;37;11000
Jabón Ariel x 800;39;7400
Jabón Ariel x 450;53;3800
Jabón Ariel x 200;66;2300
Cera escarlata x 530;11;11600
Cera escarlata x 280;17;5900
Cera roja x 530;10;10500
Cera roja x 280;16;5300
Velon # 22;6;18000
Velon # 21;6;13200
Velon # 18;20;11600
Velon # 16;12;8500
Velon # 12;3;6400
Velon # 10;14;4500
Velon # 7;6;9700
Velon # 6;11;5800
Velon # 4;8;5200
Velon potencias ;5;6800
Velon # 3;12;3500
Velon # 2;17;2500
Velon # 1;8;1600
Velon # 0;62;900
Velon San Jorge #  0;33;700
Velon San Jorge #  2;32;1300
Velon San Jorge #  4;18;2200
Velon San Jorge #  7;6;2600
Velon San Jorge #  6;4;2000
Velon San Jorge #  8;10;3300
Velon copa x 6;27;2600
Velon San Jorge x 2 #  00;4;5000
Velas x 10;10;3700
Velas x 30;10;4600
Velas x 20;27;2600
Velas x 4;10;2950
Velas x 10;16;5200
Velas x 6;32;1100
Velas x 10 Blancas;16;4000
Velas x 20 Blancas;16;2200
Velas x 10 grandes;24;2400
Velas x 10 medianas ;24;1500
Jabón barrigón x 400;29;2000
Jabón barrigón x 220;26;1300
Jabón Top Terra x 220 ;29;1700
Jabón tigre x 450 ;20;2200
Jabón tigre x 300;12;1250
Jabón supremo x 3;11;4000
Jabón supremo x 300;102;1700
Jabón Vel rosita ;24;2200
Jabón coco;50;2700
Jabón Fab x 300;77;1700
Jabón Axión Disco ;67;900
Jabón Axión Disco x 300;38;1700
Jabón tras x 400;19;2400
Jabón Lava x300;26;2000
Jabón Dersa x 250;7;1600
Jabón súper riel ;10;2200
Jabón brilla ollas x400;11;4800
Jabón brilla ollas x120;14;1800
Limpia Hornos x 275;3;5500
Lavaplatos furor x 450;6;5500
Lavaplatos Fassi x 3 ;8;4500
Lavaplatos Fassi x 2;12;5800
Lavaplatos Maxo duo x 450;7;7000
Lavaplatos Maxo x 900;2;6800
Lavaplatos Axión x 900;10;7200
Lavaplatos Axión x 450;10;3800
Lavaplatos Axión x 235;14;1800
Lavaplatos Lava x 250 ;22;2300
Lavaplatos Lava x 500;18;4000
Lavaplatos trio x 450;7;8000
Lavaplatos trio x 400;7;7500
Lavaplatos estelar x 1400;12;3200
Lavaplatos estelar x 700;12;1800
Lavaplatos estelar x 350;42;1000
Lavaplatos liquido Loza Cream x 850;12;10600
Lavaplatos liquido Loza Cream x 400;22;5500
Lavaplatos liquido Loza Cream Blancox x 830;6;3300
Lavaplatos liquido Loza Cream Blancox x 680;5;2900
Lavaplatos liquido Loza Cream x 800;14;6300
Lavaplatos liquido Loza Cream x 450;6;3300
Lavaplatos liquido Loza Cream x 250;19;1900
Limpia vidrios Furor x 500;5;5000
Limpia vidrios Maxo  x 800;8;5500
Shampoo alfombras ;3;4200
Varsol x 500;3;3700
Varsol x 200;8;1600
Varsol x 375;5;2400
Varsol x 750;5;4200
Varsol con Aroma x 400;8;2600
Varsol ecologico ;3;1800
Acido Muriatico ;10;4200
Cerr Furor liquida x 400;8;2600
Cera Mansion x 500;5;7500
Removedor de ceras ;1;10000
Sellador para pisos x810;30;12000
Sellador para pisos x500;52;8000
Frotex x 550;2;12500
Frotex x 30;34;1000
Frotex x 280;10;2000
Frotex oferta x 170 ;6;4700
Cubrerasguños x 200;5;6800
Mister musculo cocina x 250;3;5200
Salvo Limon x 500;7;6200
Salvo Antibacterial ;3;7900
Desmanchadro de pisos ;2;7000
Jabón Axion x 180 ;24;1900
Jabón Axion x 750;18;10000
Jabón Ajax x 1000;3;6800
Jabón Ajax x 2000;5;12000
Jabón Ajax Limon x 2000;5;9000
Quitagrasa Maxo x800 ;6;5500
Quitagrasa Gasyoff x 500;5;5000
Jabón liquido Woolite x 500;7;8200
Jabón liquido Woolite ropa negra x 1000;7;14200
Jabón liquido Woolite ropa bebe x 2000;2;17000
Jabón liquido Woolite ropa color  x 1000;7;14700
Jabón liquido Woolite todos los dias   x 1000;7;13000
Jabón liquido Woolite todos los dias   x 2000;10;22500
Jabón liquido de coco x 900;2;12000
Jabón  liquido Fab x 1000;5;11000
Jabón  liquido Lavomatic x 1900;4;19500
Jabón  liquido Maxo x 1000;8;9500
Jabón  liquido Ariel x 2000;6;17500
Jabón liquido Ariel x 4000;4;31000
Jabón  liquido Ariel x 400;7;8200
Jabón liquido Woolite x 300;10;2500
Jabón liquido Puro x 300;10;2800
Jabón liquido de coco x 300;10;3700
Jabón liquido Fab x 300;8;2900
Jabón liquido Velrosita x 300;10;3400
Cloroz x 3800;10;12700
Cloroz x 2000;19;6800
Cloroz x 1000;30;3400
Cloroz x 500;40;1100
Patojito Color  x 1800;6;6300
Patojito Color  x 1000;4;3600
Limpido x 3800;5;10700
Limpido x 1800;10;5700
Limpido x 1000;38;3200
Limpido x 500;51;1000
Patojito color x 450;6;1600
Patojito x 3700;3;6800
Patojito x 1800;3;3600
Blancox ropa color x 500;18;2300
Blancox ropa color x 3800;3;17500
Blancox ropa color x 2000;2;9000
Blancox natural x 1000;26;2800
Blancox ropa color x 1000;12;3200
Blancox ropa color x 400;12;2200
Blancox ropa blanca x 150;10;1000
Limpiador 1A x 500;11;2500
Limpiador Patojito x 1000;34;2000
Blanqueadror Indú x 1800;29;2000
Blanqueadror Indú x 750;34;900
Patojito x 450;24;1000
Papel Familia Megarollo x 12 ;5;17500
Papel Familia Megarollo x 12 individual;6;19500
Papel Familia Megarollo x 1;354;1700
Papel Familia Extragrande x24;6;16000
Papel Familia Extragrande x1;42;1500
Papel Familia Acolchamas grande x1;23;1100
Papel Familia Acolchamas grande x12;6;14600
Papel Familia Megarollo x 4;48;6900
Papel Scoot x 12;2;15500
Papel Scoot x 4;7;5800
Papel Scoot x 1;37;1600
Papel Scoot Jumbo x 1;34;1100
Papel Scoot x 2;30;3200
Papel blanco x 12 ;19;12000
Papel blanco x 4;14;4000
Papel blanco x 2;83;2000
Papel blanco x 1;64;1000
Papel Rosal x 1 ;26;1400
Papel Elite x 1 ;10;1000
Papel Noble x 1 ;64;500
Papel Noble x 4;16;1900
Servilletas de cocina x 120;6;9000
Servilletas de cocina x 80;6;5900
Servilletas de cocina x 40;6;3000
Servilletas de cocina recorte ;14;1600
Servilletas Familia x 450;10;3300
Servilletas  Familia x 100;14;4300
Servilletas de Cafeteria ;34;1900
Sservilletas Acolchamas decoradas ;7;3400
Sservilletas Acolchamas decoradas medianas ;6;1800
Servilletas Practidiarias x 150;10;1400
Servilletas Rosal x 200;8;4300
Servilletas Blanco x 200;34;2500
Servilletas Popular x200;87;2450
Servilletas Popular x 600;5;3600
Servilletas Popular x 360;5;2000
Papel Suave x 12 ;11;21500
Toallas Scoott Duramax ;14;7500
Bombillos Led x 7w;14;7500
Bombillos Led x 10w;16;8000
Palitos de helado ;10;1300
Palitos de Chuzo ;4;2000
Bombillos x1;16;2500
Pañuelos de bolsillo ;39;800
Pañuelos de bolsillo Antigripal ;14;1200
Pañuelos Auto ;6;2600
Pañuelos Cubo ;5;4000
Frijol Cargamanto x 1000;47;8000
Frijol Uribe x 1000;31;6000
Frijol Balin x 1000;38;8000
Frijol Iguerillo x 1000;46;5600
Cuchupollo ;48;1300
Salvao ;40;1000
Nutrecan Croquetas x 500;64;2900
Nutrecan Granulado x 500;70;2400
Mirringo x 1000;25;5500
Mirringo x 500;30;2700
Gatsy x 1000;11;4100
Gatsy x 500;19;2500
Catchow x 500;13;8500
Cachorros Super Dog x 500;38;2000
Cachorros Super Dog x 800;69;2300
Dogourmet x 500;29;2500
Dogourmet x 1000;15;7600
Dowchow x 475;10;3800
Dowchow x 400;24;2700
Dowchow razas pequeñas x 400;18;3900
Dowchow cachorros x 1000;24;9700
Dowchow cachorros x 4000;10;18600
Ringo cachorros x 1000;17;3400
Ringo croquetas x 1000;34;2700
Cipa can adultos x 800;13;2500
Cipa can adultos RP x 800;32;3000
Cipa can cachorros X 800;12;3400
Purina Pollo engorde x 1000;64;1800
Purina gallinas x 1000;62;1700
Alpiste x 500;80;1900
Semillas de girasol x 200;19;1200
Ajonjolí ;12;6000
Maní crudo ;11;4500
Sorgo ;29;2500
Cebada ;59;2200
Arveja Aburrá x 460;132;1400
Lenteja Aburrá x 460;163;2300
Garbanzo Aburrá  x 460;84;3300
Soya Aburrá  x 460;38;1800
Maiz Pira Aburrá  x 460;20;1600
Mazamorra comarca x 500;60;1400
Arroz Roa x 5L;68;6500
Sal alta pureza x 500;3;1900
Sal alta pureza x 1000;6;2300
Sal Vital x 500;6;5800
Sal Vital x 120;10;2800
Sal Vital x 130;22;650
Sal Marina x 500;10;1200
Sal Marina x 1000;11;2200
Sal Refisal x 500;320;600
Sal Refisal x 1000;400;1100
Sal marina cristal x 800;10;8200
Sal Doña Blanca x 500;61;450
Sal Doña Blanca x 1000;77;900
Recogedores ;14;2500
Cepillos de mano ;19;2300
Cepillos de Piso ;12;4000
Arroz Roa x Arroba;108;32000
Arroz Roa x 1 ;36;1400
Arroz Diana Premium ;70;1700
Arroz Castellano ;18;2900
Arroz Castellano Integral ;10;5700
Guantes Furor ;33;2500
Guantes Eterna cocina ;21;4500
Guantes Eterna Baño ;45;3700
Glade Aerosol x 400;10;9500
Bonaire x 400;14;8000
Bonaire toque ;6;14000
Bonaire Varitas pequeñas ;3;6000
Bonaire Varitas grandes ;6;13000
Bonaire gel ;2;3000
Bonaire electrico ;2;11000
Bonaire electrico repuesto;2;17000
Bonaire cristal ;6;7000
Escobas ;32;4800
Enceradores ;3;3500
Bombas de baño ;5;2800
Escobillones ;10;4000
Maiz común x 1000;264;1100
Maiz trillado amarillo x 1000;146;1300
Maiz trillado blanco x 1000;38;1500
Panela paca;24;58000
Hilos de Polimero ;30;2000
Bolsas de papel pequeña ;11;1000
Bolsas de papel mediana ;9;1800
Bolsas de papel grande ;9;2500
ubetas de Huevo x30;61;9000
Papa bulto x 50;10;60000
Avena natural x 250;16;2200
Avena Fitness x 250;16;2500
Yogo Yogo x 150;43;1000
Regeneris ;22;1500
Kumis Alpina ;22;1200
Yogurth vaso ;69;1300
Bon yurt ;43;2000
Gelatina vaso ;43;1200
Yogurth x 1000;55;4000
Queso en lonchitas ;59;5000
Leche saborizada ;32;1000
Salchichones ;36;5000
Salchichas ;18;7000
Jamones ;22;8500
Mortadelas ;36;4000
Chorizo de ternera ;18;8000
Pechugas ;26;8500
Muslos Bandeja ;22;6500
Menudencia fina ;16;2000
Recortes Bandejas ;12;4500
Lomito de pescado ;5;5000
Contramuslos bamdeja ;13;5000
Bagre bandeja ;17;6500
Gaseosa x 3l;67;5500
Gaseosa x 1,5;128;3000
Agua x 600;200;1200
Agua x 20L;10;11000
Agual x 5L ;13;4000
Agua Saborizada ;29;2500
Tampico x 1L;13;2500
Tampico x garrafa ;10;5000
papa x 50Kg;6;65000
Pilas AA;48;1500